{"version":1,"resource":"file:///Users/maalekdarkal/Desktop/coding%20tyuj/pong.py","entries":[{"id":"PUAa.py","timestamp":1759577075141},{"id":"Ys6h.py","timestamp":1759577117604},{"id":"GBSi.py","timestamp":1759592950679},{"id":"mOiQ.py","timestamp":1759593193970},{"id":"l7hs.py","timestamp":1759594202422},{"id":"3Znn.py","timestamp":1759594299756},{"id":"cMK3.py","timestamp":1759594325819},{"id":"sNDl.py","timestamp":1759594501825},{"id":"642X.py","timestamp":1759596506903},{"id":"5XLi.py","timestamp":1759596536872},{"id":"WYY1.py","timestamp":1759596702887},{"id":"9fBN.py","timestamp":1759596897887},{"id":"EGxL.py","timestamp":1759597038510},{"id":"Updq.py","timestamp":1759597175047},{"id":"nt4H.py","timestamp":1759597291438},{"id":"TKZ0.py","timestamp":1759597451132},{"id":"ZUG0.py","timestamp":1759597580499},{"id":"xHQr.py","timestamp":1759597631550},{"id":"nw4M.py","timestamp":1759597687692},{"id":"4Zkg.py","timestamp":1759597748549},{"id":"WbvW.py","timestamp":1759603799900},{"id":"krE1.py","timestamp":1759603942698},{"id":"G9Ns.py","timestamp":1759604073792},{"id":"x1H3.py","timestamp":1759604239194},{"id":"WwyS.py","timestamp":1759604445110},{"id":"k1pP.py","timestamp":1759604788288},{"id":"vLEV.py","timestamp":1759609470545},{"id":"Tp0y.py","timestamp":1759629235899},{"id":"mCDb.py","timestamp":1759629669645},{"id":"18Hm.py","timestamp":1759633392799},{"id":"ifnn.py","timestamp":1759633592959},{"id":"ADhr.py","timestamp":1759633686444},{"id":"x4PZ.py","timestamp":1759633993230},{"id":"DFfq.py","timestamp":1759634497956},{"id":"aMWh.py","timestamp":1759637014608},{"id":"ECsE.py","timestamp":1759637548070},{"id":"TNBN.py","timestamp":1759637640663},{"id":"ktsz.py","timestamp":1759642141945},{"id":"6kJk.py","timestamp":1759642303903},{"id":"GIOj.py","timestamp":1759642408661},{"id":"XjIu.py","timestamp":1759642553459},{"id":"dxov.py","timestamp":1759643839376},{"id":"2Mdk.py","timestamp":1759643948706},{"id":"LcKu.py","timestamp":1759645774802},{"id":"ncPx.py","timestamp":1759645899733},{"id":"gPmz.py","timestamp":1759646370959},{"id":"RlJg.py","timestamp":1759646683034},{"id":"vp0L.py","timestamp":1759646882693},{"id":"9urw.py","timestamp":1759647079885},{"id":"FmDD.py","timestamp":1759647487363}]}